{
    "bones":[],
    "skinIndices":[],
    "faces":[43,0,1,2,3,0,0,1,2,3,0,0,0,0,43,4,7,6,5,0,4,5,6,7,1,1,1,1,43,0,4,5,1,0,4,5,6,7,2,2,2,2,43,1,5,6,2,0,8,9,10,11,3,3,3,3,43,2,6,7,3,0,12,13,14,15,4,4,4,4,43,4,0,3,7,0,16,17,18,19,5,5,5,5],
    "animations":[],
    "vertices":[1,-1,-1,1,-1,1,-1,-1,1,-1,-1,-1,1,1,-1,0.999999,1,1,-1,1,1,-1,1,-1],
    "skinWeights":[],
    "metadata":{
        "bones":0,
        "faces":6,
        "generator":"io_three",
        "vertices":8,
        "version":3,
        "uvs":1,
        "materials":1,
        "normals":6,
        "type":"Geometry"
    },
    "uvs":[[0.0978064,0.0978064,0.902194,0.0978064,0.902194,0.902194,0.0978064,0.902194,0,0,1,0,1,1,0,1,0.0724547,0.0724547,0.927545,0.0724547,0.927545,0.927545,0.0724547,0.927545,0.0943095,0.0943095,0.905691,0.0943095,0.905691,0.905691,0.0943095,0.905691,0.108645,0.118814,0.916839,0.118814,0.916839,0.927008,0.108645,0.927008]],
    "materials":[{
        "blending":1,
        "doubleSided":false,
        "specularCoef":50,
        "colorEmissive":[0,0,0],
        "DbgColor":15658734,
        "transparent":false,
        "DbgIndex":0,
        "colorDiffuse":[0.64,0.64,0.64],
        "opacity":1,
        "depthWrite":true,
        "visible":true,
        "shading":"phong",
        "wireframe":false,
        "depthTest":true,
        "colorSpecular":[0.5,0.5,0.5],
        "DbgName":"Material"
    }],
    "normals":[-5.32907e-15,-1,2.98023e-08,1.06581e-14,1,-2.98023e-08,1,4.47034e-08,2.83122e-07,-2.83122e-07,-7.45059e-08,1,-1,-1.3411e-07,-2.23517e-07,2.38419e-07,1.78814e-07,-1],
    "influencesPerVertex":2
}